ballet,measure_num,movements_in_measure,unique_body_movements_in_measure,unique_directions_in_measure,repetition_index,direction_diversity_index
artifact,1,18,6,6,0.3333333333333333,0.3333333333333333
artifact,2,25,9,7,0.36,0.28
artifact,3,15,6,5,0.4,0.3333333333333333
artifact,4,9,5,5,0.5555555555555556,0.5555555555555556
artifact,5,9,7,6,0.7777777777777778,0.6666666666666666
artifact,6,7,5,4,0.7142857142857143,0.5714285714285714
artifact,7,14,6,6,0.42857142857142855,0.42857142857142855
artifact,8,3,2,2,0.6666666666666666,0.6666666666666666
