ballet,measure_num,movements_in_measure,unique_body_movements_in_measure,unique_directions_in_measure,repetition_index,direction_diversity_index
artifact,1,18,6,6,0.6666666666666667,0.3333333333333333
artifact,2,25,9,7,0.64,0.28
artifact,3,15,6,5,0.6,0.3333333333333333
artifact,4,9,5,5,0.4444444444444444,0.5555555555555556
artifact,5,9,7,6,0.2222222222222222,0.6666666666666666
artifact,6,7,5,4,0.2857142857142857,0.5714285714285714
artifact,7,14,6,6,0.5714285714285714,0.42857142857142855
artifact,8,3,2,2,0.33333333333333337,0.6666666666666666
